Name,SourceID,SourceOID,PosAlong,SideOfEdge,CurbApproa,Status,SnapX,SnapY,SnapZ,DistanceTo,Attr_Lengt,Breaks_Len,V20L1t0,TARGET_FID,FacilityID,V20L1t1,V20L1t2,V20L1t3,V18L1t0,V18L1t1,V18L1t2,V18L1t3,V22L1t0,V22L1t1,V22L1t2,V22L1t3,V12L1t0,V12L1t1,V12L1t2,V12L1t3,V16L1t0,V16L1t1,V16L1t2,V16L1t3
Location 1,1,10902,0.33893668989,1,0,0,5430277.71843000000,6506031.33786000000,0.00000000000,16.75829214920,0.00000000000,,230,1,1,35,69,126,121,20,46,55,171,36,74,61,164,21,86,57,221,24,137,60
Location 2,1,10342,0.45892095246,1,0,0,5430428.38411000000,6505984.99653000000,0.00000000000,19.49401571420,0.00000000000,,47,2,2,8,15,24,44,3,23,18,46,3,27,16,30,5,14,11,115,8,78,29
Location 3,1,11031,0.10768994856,1,0,0,5430405.50641000000,6505956.81566000000,0.00000000000,15.12779655440,0.00000000000,,0,3,3,0,0,0,0,0,0,0,0,0,0,0,0,0,0,0,0,0,0,0
Location 4,1,12327,0.88234811110,2,0,0,5430390.61381000000,6505891.52574000000,0.00000000000,13.38436883010,0.00000000000,,0,4,4,0,0,0,0,0,0,0,0,0,0,0,0,0,0,0,0,0,0,0
Location 5,1,12327,0.17258746395,1,0,0,5430281.02953000000,6505914.82676000000,0.00000000000,26.80732112260,0.00000000000,,0,5,5,0,0,0,0,0,0,0,0,0,0,0,0,0,0,0,0,0,0,0
Location 6,1,13905,0.82611630716,1,0,0,5430156.19498000000,6506083.24572000000,0.00000000000,14.55452831180,0.00000000000,,33,6,6,5,12,16,31,5,17,9,9,5,2,2,22,6,10,6,6,3,1,2
Location 7,1,7518,0.59582538721,2,0,0,5430124.00380000000,6506062.46004000000,0.00000000000,15.76062343010,0.00000000000,,0,7,7,0,0,0,0,0,0,0,0,0,0,0,0,0,0,0,0,0,0,0
Location 8,1,13482,0.82374662502,1,0,0,5430006.28022000000,6506117.60102000000,0.00000000000,12.53427983030,0.00000000000,,118,8,8,32,40,46,88,12,34,42,61,16,25,20,148,27,63,58,120,12,64,44
Location 9,1,13713,0.44972780025,1,0,0,5429973.24492000000,6506092.56059000000,0.00000000000,20.96200808740,0.00000000000,,0,9,9,0,0,0,0,0,0,0,0,0,0,0,0,0,0,0,0,0,0,0
Location 10,1,2376,0.17195309874,1,0,0,5429870.19814000000,6506115.27100000000,0.00000000000,25.25891688570,0.00000000000,,0,10,10,0,0,0,0,0,0,0,0,0,0,0,0,0,0,0,0,0,0,0
Location 11,1,12877,0.78160924037,1,0,0,5429722.69867000000,6506132.38351000000,0.00000000000,11.91613144110,0.00000000000,,0,11,11,0,0,0,0,0,0,0,0,0,0,0,0,0,0,0,0,0,0,0
Location 12,1,2612,0.36620609070,1,0,0,5429711.19092000000,6506168.29561000000,0.00000000000,14.08327001290,0.00000000000,,71,13,12,10,30,31,66,13,14,39,85,17,42,26,88,13,46,29,104,14,61,29
Location 13,1,5867,0.14431346745,2,0,0,5429623.36947000000,6506204.65508000000,0.00000000000,1.93259397741,0.00000000000,,0,14,13,0,0,0,0,0,0,0,0,0,0,0,0,0,0,0,0,0,0,0
Location 14,1,5861,0.89207639923,2,0,0,5429611.37939000000,6506153.82662000000,0.00000000000,16.20397153100,0.00000000000,,0,15,14,0,0,0,0,0,0,0,0,0,0,0,0,0,0,0,0,0,0,0
Location 15,1,47,0.59897106514,1,0,0,5429536.67473000000,6506210.83515000000,0.00000000000,13.86072858590,0.00000000000,,93,16,15,22,24,47,78,19,28,31,143,25,55,63,75,14,30,31,193,34,93,66
Location 16,1,9758,0.11057535864,1,0,0,5429507.10581000000,6506178.58188000000,0.00000000000,15.48026200580,0.00000000000,,0,17,16,0,0,0,0,0,0,0,0,0,0,0,0,0,0,0,0,0,0,0
Location 17,1,16506,0.54602080007,1,0,0,5429433.39063000000,6506236.39163000000,0.00000000000,12.74439272140,0.00000000000,,110,18,17,26,32,52,68,11,19,38,30,2,16,12,77,13,40,24,104,10,54,40
Location 18,1,3900,0.89112098933,2,0,0,5429399.50374000000,6506204.32242000000,0.00000000000,19.90093452410,0.00000000000,,0,19,18,0,0,0,0,0,0,0,0,0,0,0,0,0,0,0,0,0,0,0
Location 19,1,4627,0.57301405296,1,0,0,5429323.24402000000,6506263.29533000000,0.00000000000,12.93862245540,0.00000000000,,0,20,19,0,0,0,0,0,0,0,0,0,0,0,0,0,0,0,0,0,0,0
Location 20,1,13433,0.80872225481,2,0,0,5429291.34966000000,6506227.74705000000,0.00000000000,15.45332036120,0.00000000000,,0,22,20,0,0,0,0,0,0,0,0,0,0,0,0,0,0,0,0,0,0,0
Location 21,1,5210,0.32605605865,1,0,0,5429175.96088000000,6506299.69552000000,0.00000000000,13.37039558260,0.00000000000,,287,23,21,60,62,165,175,32,73,70,261,56,122,83,228,31,119,78,534,50,311,173
Location 22,1,7411,0.11598221542,2,0,0,5429309.15461000000,6506517.76229000000,0.00000000000,18.59089364390,0.00000000000,,0,24,22,0,0,0,0,0,0,0,0,0,0,0,0,0,0,0,0,0,0,0
Location 23,1,14523,0.65235914572,2,0,0,5429239.95388000000,6506567.72975000000,0.00000000000,16.37490833880,0.00000000000,,137,26,23,30,38,69,115,21,40,54,166,26,63,77,195,22,105,68,21,4,12,5
Location 24,1,13509,0.13497230357,1,0,0,5429309.88494000000,6506651.18532000000,0.00000000000,26.84303235780,0.00000000000,,357,27,24,69,122,166,371,56,146,169,393,65,180,148,390,54,186,150,378,42,203,133
Location 25,1,953,0.16380160590,2,0,0,5429285.08845000000,6506674.16795000000,0.00000000000,15.73606282340,0.00000000000,,242,28,25,44,89,109,190,35,78,77,133,23,67,43,126,20,58,48,176,19,106,51
Location 26,1,13995,0.85923165879,1,0,0,5429336.43785000000,6506747.82933000000,0.00000000000,15.58040783900,0.00000000000,,997,29,26,228,291,478,724,126,284,314,891,143,417,331,846,110,444,292,342,30,206,106
Location 27,1,2818,0.76405553367,1,0,0,5430381.77358000000,6505767.66123000000,0.00000000000,16.74112336160,0.00000000000,,0,30,27,0,0,0,0,0,0,0,0,0,0,0,0,0,0,0,0,0,0,0
Location 28,1,10555,0.35371353671,1,0,0,5430251.72583000000,6505777.79935000000,0.00000000000,23.69406239200,0.00000000000,,0,32,28,0,0,0,0,0,0,0,0,0,0,0,0,0,0,0,0,0,0,0
Location 29,1,7189,0.32159609026,1,0,0,5430225.66929000000,6505677.03404000000,0.00000000000,25.02270074680,0.00000000000,,0,33,29,0,0,0,0,0,0,0,0,0,0,0,0,0,0,0,0,0,0,0
Location 30,1,266,0.89437582893,2,0,0,5430317.00149000000,6505558.08290000000,0.00000000000,14.68539496570,0.00000000000,,156,34,30,23,58,75,67,10,21,36,85,15,45,25,102,15,53,34,232,33,115,84
Location 31,1,266,0.14327740754,1,0,0,5430193.94971000000,6505583.02560000000,0.00000000000,24.49107238340,0.00000000000,,0,35,31,0,0,0,0,0,0,0,0,0,0,0,0,0,0,0,0,0,0,0
Location 32,1,4737,0.16896749493,2,0,0,5430175.44849000000,6505481.64570000000,0.00000000000,15.37275532020,0.00000000000,,0,36,32,0,0,0,0,0,0,0,0,0,0,0,0,0,0,0,0,0,0,0
Location 33,1,12351,0.28147809197,2,0,0,5430439.79117000000,6505424.36316000000,0.00000000000,15.41321794140,0.00000000000,,0,37,33,0,0,0,0,0,0,0,0,0,0,0,0,0,0,0,0,0,0,0
Location 34,1,12598,0.76148084205,2,0,0,5430404.65103000000,6505407.32405000000,0.00000000000,13.74826413020,0.00000000000,,0,38,34,0,0,0,0,0,0,0,0,0,0,0,0,0,0,0,0,0,0,0
Location 35,1,2437,0.75750763805,2,0,0,5430511.42610000000,6505383.24493000000,0.00000000000,20.26648736840,0.00000000000,,0,40,35,0,0,0,0,0,0,0,0,0,0,0,0,0,0,0,0,0,0,0
Location 36,1,9646,0.22165977840,2,0,0,5430539.28448000000,6505402.39976000000,0.00000000000,16.36773557770,0.00000000000,,0,41,36,0,0,0,0,0,0,0,0,0,0,0,0,0,0,0,0,0,0,0
Location 37,1,9778,0.77822457502,2,0,0,5430614.67403000000,6505361.55552000000,0.00000000000,20.87729037700,0.00000000000,,0,43,37,0,0,0,0,0,0,0,0,0,0,0,0,0,0,0,0,0,0,0
Location 38,1,2657,0.21146443177,2,0,0,5430640.64020000000,6505378.73503000000,0.00000000000,17.22465529140,0.00000000000,,0,44,38,0,0,0,0,0,0,0,0,0,0,0,0,0,0,0,0,0,0,0
Location 39,1,11352,0.23578672951,1,0,0,5430715.59398000000,6505338.75201000000,0.00000000000,22.13435739340,0.00000000000,,30,45,39,10,8,12,45,4,19,22,25,4,14,7,38,6,19,13,102,7,61,34
Location 40,1,7853,0.23509710515,2,0,0,5430742.96114000000,6505357.09495000000,0.00000000000,18.09007389760,0.00000000000,,0,46,40,0,0,0,0,0,0,0,0,0,0,0,0,0,0,0,0,0,0,0
Location 41,1,12106,0.82508596493,2,0,0,5430342.33866000000,6505652.54306000000,0.00000000000,16.25351059490,0.00000000000,,0,47,41,0,0,0,0,0,0,0,0,0,0,0,0,0,0,0,0,0,0,0
Location 42,1,14016,0.17898219829,1,0,0,5430816.65748000000,6505317.28102000000,0.00000000000,21.88087793900,0.00000000000,,0,48,42,0,0,0,0,0,0,0,0,0,0,0,0,0,0,0,0,0,0,0
Location 43,1,9262,0.16192119940,2,0,0,5430874.54158000000,6505346.79097000000,0.00000000000,4.77506916267,0.00000000000,,37,49,43,12,14,11,29,1,14,14,15,2,11,2,28,1,14,13,32,4,18,10
Location 44,1,10155,0.26161706224,1,0,0,5431021.63065000000,6505271.96986000000,0.00000000000,21.45501116840,0.00000000000,,0,50,44,0,0,0,0,0,0,0,0,0,0,0,0,0,0,0,0,0,0,0
Location 45,1,11074,0.22621878224,2,0,0,5431049.71185000000,6505292.27819000000,0.00000000000,16.01225697040,0.00000000000,,0,51,45,0,0,0,0,0,0,0,0,0,0,0,0,0,0,0,0,0,0,0
Location 46,1,12115,0.26908868299,1,0,0,5431120.54476000000,6505250.20256000000,0.00000000000,19.04163767120,0.00000000000,,0,53,46,0,0,0,0,0,0,0,0,0,0,0,0,0,0,0,0,0,0,0
Location 47,1,7998,0.25593245054,2,0,0,5431152.55647000000,6505270.82420000000,0.00000000000,15.71542064810,0.00000000000,,0,54,47,0,0,0,0,0,0,0,0,0,0,0,0,0,0,0,0,0,0,0
Location 48,1,247,0.16197357834,1,0,0,5431234.59686000000,6505237.13196000000,0.00000000000,23.15573761890,0.00000000000,,0,55,48,0,0,0,0,0,0,0,0,0,0,0,0,0,0,0,0,0,0,0
Location 49,1,2984,0.82255169444,2,0,0,5431230.17070000000,6505152.10171000000,0.00000000000,12.79132731600,0.00000000000,,0,57,49,0,0,0,0,0,0,0,0,0,0,0,0,0,0,0,0,0,0,0
Location 50,1,3527,0.87585521997,2,0,0,5431304.28878000000,6505157.79298000000,0.00000000000,17.22150901610,0.00000000000,,126,58,50,21,50,55,55,7,22,26,82,10,40,32,90,14,44,32,137,12,85,40
Location 51,1,3683,0.28260333142,2,0,0,5431345.11456000000,6504994.99634000000,0.00000000000,13.14408753420,0.00000000000,,366,59,51,82,120,164,160,34,65,61,205,51,97,57,236,38,141,57,172,35,86,51
Location 52,1,5230,0.77588815249,1,0,0,5431325.68302000000,6504957.45429000000,0.00000000000,20.67283309280,0.00000000000,,73,60,52,8,30,35,0,0,0,0,0,0,0,0,0,0,0,0,10,1,4,5
Location 53,1,6130,0.24148097972,1,0,0,5431478.63322000000,6505015.26536000000,0.00000000000,21.81613896190,0.00000000000,,0,61,53,0,0,0,0,0,0,0,0,0,0,0,0,0,0,0,0,0,0,0
Location 54,1,15037,0.36646760106,2,0,0,5431843.82568000000,6504072.18684000000,0.00000000000,14.87609063320,0.00000000000,,73,63,54,20,14,39,9,4,1,4,42,2,35,5,23,2,13,8,1,0,1,0
Location 55,1,9691,0.14062004530,2,0,0,5431877.23993000000,6504212.99218000000,0.00000000000,13.18907343900,0.00000000000,,58,64,55,8,21,29,68,12,39,17,47,6,27,14,58,5,35,18,72,11,40,21
Location 56,1,11795,0.77320495912,1,0,0,5431902.45962000000,6504191.47263000000,0.00000000000,12.60526083620,0.00000000000,,0,65,56,0,0,0,0,0,0,0,0,0,0,0,0,0,0,0,0,0,0,0
Location 57,1,3310,0.21295133052,1,0,0,5431925.15299000000,6504293.60066000000,0.00000000000,26.05649791010,0.00000000000,,0,66,57,0,0,0,0,0,0,0,0,0,0,0,0,0,0,0,0,0,0,0
Location 58,1,9706,0.12893103309,2,0,0,5431901.44030000000,6504313.31325000000,0.00000000000,13.23559935790,0.00000000000,,2,67,58,0,2,0,0,0,0,0,0,0,0,0,0,0,0,0,0,0,0,0
Location 59,1,3976,0.78441057396,2,0,0,5431951.40772000000,6504395.00699000000,0.00000000000,25.83729581510,0.00000000000,,0,68,59,0,0,0,0,0,0,0,0,0,0,0,0,0,0,0,0,0,0,0
Location 60,1,4555,0.13405605211,2,0,0,5431927.42016000000,6504415.13153000000,0.00000000000,13.46201300950,0.00000000000,,64,69,60,17,18,29,20,4,8,8,54,8,25,21,63,15,25,23,73,8,48,17
Location 61,1,11705,0.57075457661,2,0,0,5431975.49994000000,6504493.57706000000,0.00000000000,24.40942446190,0.00000000000,,8,70,61,2,2,4,7,2,2,3,0,0,0,0,0,0,0,0,0,0,0,0
Location 62,1,9274,0.14546103059,2,0,0,5431952.17128000000,6504514.80825000000,0.00000000000,11.93487242790,0.00000000000,,0,71,62,0,0,0,0,0,0,0,0,0,0,0,0,0,0,0,0,0,0,0
Location 63,1,1518,0.60809045602,2,0,0,5432000.78310000000,6504595.15382000000,0.00000000000,25.29155021550,0.00000000000,,0,73,63,0,0,0,0,0,0,0,0,0,0,0,0,0,0,0,0,0,0,0
Location 64,1,1795,0.31378852534,1,0,0,5431959.42498000000,6504605.05379000000,0.00000000000,14.52409269610,0.00000000000,,69,74,64,14,22,33,0,0,0,0,0,0,0,0,0,0,0,0,0,0,0,0
Location 65,1,6277,0.39352061724,1,0,0,5432025.62356000000,6504695.22737000000,0.00000000000,24.29275069830,0.00000000000,,0,75,65,0,0,0,0,0,0,0,0,0,0,0,0,0,0,0,0,0,0,0
Location 66,1,16413,0.75842986788,2,0,0,5431984.57789000000,6504705.70847000000,0.00000000000,14.49931366060,0.00000000000,,0,78,66,0,0,0,0,0,0,0,0,0,0,0,0,0,0,0,13,1,7,5
Location 67,1,8673,0.73417780834,1,0,0,5432018.70605000000,6504777.17591000000,0.00000000000,27.83545721760,0.00000000000,,0,79,67,0,0,0,0,0,0,0,0,0,0,0,0,0,0,0,0,0,0,0
Location 68,1,381,0.36019364782,2,0,0,5431968.26394000000,6504041.02498000000,0.00000000000,13.26127886510,0.00000000000,,0,82,68,0,0,0,0,0,0,0,0,0,0,0,0,0,0,0,0,0,0,0
Location 69,1,5691,0.24804659250,1,0,0,5432095.76075000000,6504009.77002000000,0.00000000000,14.41688832240,0.00000000000,,60,83,69,18,15,27,46,9,23,14,17,3,9,5,14,4,8,2,45,10,27,8
Location 70,1,2709,0.56719484029,1,0,0,5432027.58925000000,6504159.91486000000,0.00000000000,12.94997092180,0.00000000000,,28,84,70,6,11,11,19,2,6,11,10,0,5,5,14,1,12,1,18,1,6,11
Location 71,1,13547,0.78138426731,1,0,0,5432154.77015000000,6504128.32241000000,0.00000000000,12.39698230530,0.00000000000,,0,85,71,0,0,0,0,0,0,0,0,0,0,0,0,0,0,0,0,0,0,0
Location 72,1,2879,0.25731788252,2,0,0,5430336.70337000000,6505445.79466000000,0.00000000000,16.73337413040,0.00000000000,,30,86,72,7,9,14,25,5,10,10,47,9,16,22,43,2,27,14,35,9,14,12
Location 73,1,14781,0.24204581225,2,0,0,5431489.97367000000,6505048.83417000000,0.00000000000,21.20175879350,0.00000000000,,162,87,73,32,64,66,49,5,25,19,54,5,35,14,98,8,60,30,42,5,24,13
Location 74,1,15999,0.67998991197,1,0,0,5431556.90136000000,6505068.75205000000,0.00000000000,14.04959350830,0.00000000000,,0,88,74,0,0,0,0,0,0,0,0,0,0,0,0,0,0,0,0,0,0,0
Location 75,1,1242,0.11015597266,2,0,0,5431587.38533000000,6505076.52436000000,0.00000000000,11.23034689900,0.00000000000,,9,89,75,2,1,6,0,0,0,0,0,0,0,0,0,0,0,0,23,4,12,7
Location 76,1,1242,0.11015597266,2,0,0,5431587.38533000000,6505076.52436000000,0.00000000000,11.23034689900,0.00000000000,,0,90,76,0,0,0,106,15,54,37,74,14,32,28,95,21,50,24,267,38,174,55
Location 77,1,11805,0.99442067471,2,0,0,5431688.14956000000,6505064.73046000000,0.00000000000,15.49925017150,0.00000000000,,0,91,77,0,0,0,0,0,0,0,0,0,0,0,0,0,0,0,0,0,0,0
Location 78,1,11480,0.27922181710,2,0,0,5431732.21032000000,6505089.25546000000,0.00000000000,15.42374202900,0.00000000000,,0,93,78,0,0,0,0,0,0,0,0,0,0,0,0,0,0,0,0,0,0,0
Location 79,1,8477,0.37291654638,1,0,0,5431813.80987000000,6505044.65532000000,0.00000000000,14.42431387960,0.00000000000,,0,94,79,0,0,0,65,8,28,29,88,16,46,26,104,10,63,31,14,1,6,7
Location 80,1,4641,0.70077509146,2,0,0,5431984.54475000000,6505033.37763000000,0.00000000000,15.37571884450,0.00000000000,,0,95,80,0,0,0,48,8,23,17,30,6,17,7,40,7,21,12,14,1,6,7
Location 81,1,4590,0.30820250465,2,0,0,5431952.54918000000,6505011.88173000000,0.00000000000,18.64545068620,0.00000000000,,0,96,81,0,0,0,0,0,0,0,0,0,0,0,0,0,0,0,0,0,0,0
Location 82,1,11587,0.30962342068,2,0,0,5432075.22662000000,6504985.52097000000,0.00000000000,16.15392261120,0.00000000000,,0,97,82,0,0,0,0,0,0,0,0,0,0,0,0,0,0,0,0,0,0,0
Location 83,1,6970,0.85229553132,1,0,0,5432057.33682000000,6504909.89713000000,0.00000000000,29.28090848460,0.00000000000,,0,98,83,0,0,0,111,22,48,41,167,26,81,60,155,22,84,49,44,5,32,7
Location 84,1,9163,0.88057152871,2,0,0,5432009.90089000000,6504808.41397000000,0.00000000000,12.73723532310,0.00000000000,,0,99,84,0,0,0,0,0,0,0,0,0,0,0,0,0,0,0,0,0,0,0
Location 85,1,6298,0.75010077784,2,0,0,5432220.80783000000,6503978.40610000000,0.00000000000,14.83631810870,0.00000000000,,78,100,85,16,19,43,60,14,29,17,68,14,36,18,83,14,42,27,62,9,33,20
Location 86,1,16425,0.73689383229,1,0,0,5432280.39897000000,6504096.07978000000,0.00000000000,14.31013620480,0.00000000000,,0,101,86,0,0,0,0,0,0,0,0,0,0,0,0,0,0,0,0,0,0,0
Location 87,1,322,0.25753401351,1,0,0,5432443.47682000000,6503922.97812000000,0.00000000000,13.75456313570,0.00000000000,,0,103,87,0,0,0,0,0,0,0,0,0,0,0,0,0,0,0,0,0,0,0
Location 88,1,9763,0.26048899530,1,0,0,5432568.88817000000,6503891.58673000000,0.00000000000,12.71008554100,0.00000000000,,0,104,88,0,0,0,0,0,0,0,0,0,0,0,0,0,0,0,0,0,0,0
Location 89,1,4640,0.74393556419,2,0,0,5432695.22317000000,6503860.00149000000,0.00000000000,13.45153644520,0.00000000000,,52,105,89,10,25,17,30,11,15,4,28,9,11,8,26,11,8,7,30,5,22,3
Location 90,1,15312,0.73292761658,2,0,0,5432821.29823000000,6503827.71805000000,0.00000000000,15.10052313840,0.00000000000,,26,106,90,10,10,6,28,7,8,13,45,10,24,11,47,10,27,10,61,5,38,18
Location 91,1,9157,0.73702739518,2,0,0,5432947.49596000000,6503797.10632000000,0.00000000000,13.22621113690,0.00000000000,,73,107,91,27,23,23,44,6,23,15,48,21,17,10,80,17,41,22,42,10,24,8
Location 92,1,3829,0.74987664190,2,0,0,5433065.92270000000,6503768.73819000000,0.00000000000,12.93939017740,0.00000000000,,0,108,92,0,0,0,0,0,0,0,0,0,0,0,0,0,0,0,0,0,0,0
Location 93,1,9582,0.54255000521,1,0,0,5432629.53015000000,6504010.37879000000,0.00000000000,13.59028092200,0.00000000000,,4,109,93,1,0,3,15,5,3,7,9,1,6,2,3,1,1,1,1,0,0,1
Location 94,1,8443,0.53280234834,1,0,0,5432503.95405000000,6504040.84439000000,0.00000000000,13.44388113350,0.00000000000,,54,110,94,13,15,26,45,13,12,20,65,13,28,24,57,6,33,18,65,8,32,25
Location 95,1,10784,0.54038973761,1,0,0,5432755.99999000000,6503979.86208000000,0.00000000000,12.75935586620,0.00000000000,,34,111,95,6,16,12,7,3,3,1,15,3,6,6,15,2,9,4,41,4,22,15
Location 96,1,368,0.49399521265,1,0,0,5432883.16965000000,6503947.88359000000,0.00000000000,15.14554897820,0.00000000000,,0,112,96,0,0,0,0,0,0,0,0,0,0,0,0,0,0,0,0,0,0,0
Location 97,1,1271,0.73953571834,1,0,0,5433008.80609000000,6503917.91723000000,0.00000000000,12.40576599570,0.00000000000,,7,113,97,2,0,5,12,3,6,3,14,4,8,2,10,0,5,5,1,1,0,0
Location 98,1,14532,0.81190345546,1,0,0,5433129.92989000000,6503888.73855000000,0.00000000000,13.68355692140,0.00000000000,,0,114,98,0,0,0,0,0,0,0,0,0,0,0,0,0,0,0,0,0,0,0
Location 99,1,14619,0.24854452578,1,0,0,5433201.46194000000,6503735.74764000000,0.00000000000,18.10965295670,0.00000000000,,117,115,99,40,29,48,110,25,42,43,63,21,28,14,105,21,47,37,166,28,90,48
Location 100,1,9709,0.26141522068,1,0,0,5433290.28571000000,6503713.49922000000,0.00000000000,19.75797639570,0.00000000000,,40,116,100,13,12,15,63,17,23,23,52,10,21,21,23,3,10,10,18,4,7,7
Location 101,1,10736,0.75375902546,1,0,0,5433270.31677000000,6503612.35032000000,0.00000000000,26.43594361230,0.00000000000,,0,117,101,0,0,0,4,0,2,2,9,2,6,1,0,0,0,0,0,0,0,0
Location 102,1,2581,0.80182521014,2,0,0,5433223.63576000000,6503542.77743000000,0.00000000000,14.19736864640,0.00000000000,,134,118,102,36,39,59,109,14,47,48,109,25,46,38,110,15,62,33,152,27,71,54
Location 103,1,3746,0.76202863146,1,0,0,5433242.06666000000,6503512.80877000000,0.00000000000,26.08820035870,0.00000000000,,0,119,103,0,0,0,0,0,0,0,0,0,0,0,0,0,0,0,0,0,0,0
Location 104,1,7073,0.77806914966,2,0,0,5433171.93496000000,6503341.53699000000,0.00000000000,12.33793787450,0.00000000000,,0,120,104,0,0,0,0,0,0,0,0,0,0,0,0,0,0,0,0,0,0,0
Location 105,1,9552,0.19764070695,1,0,0,5433228.96683000000,6503327.57914000000,0.00000000000,25.74459978000,0.00000000000,,0,122,105,0,0,0,0,0,0,0,0,0,0,0,0,0,0,0,0,0,0,0
Location 106,1,4208,0.79435456003,2,0,0,5433133.40828000000,6503136.14878000000,0.00000000000,13.49762714990,0.00000000000,,83,123,106,30,22,31,70,15,29,26,104,26,49,29,143,27,74,42,84,7,52,25
Location 107,1,9833,0.21408005126,1,0,0,5433190.05193000000,6503122.51125000000,0.00000000000,25.88743504260,0.00000000000,,0,124,107,0,0,0,0,0,0,0,0,0,0,0,0,0,0,0,0,0,0,0
Location 108,1,4739,0.75735029094,1,0,0,5433119.50590000000,6502900.16878000000,0.00000000000,16.96706400730,0.00000000000,,124,125,108,42,36,46,87,24,28,35,54,14,26,14,97,16,53,28,115,14,47,54
Location 109,1,6356,0.81392532882,2,0,0,5433096.32504000000,6502931.05511000000,0.00000000000,14.72908351740,0.00000000000,,7,126,109,0,2,5,10,2,5,3,15,4,8,3,13,6,6,1,3,0,2,1
Location 110,1,8592,0.80990842757,1,0,0,5433092.95232000000,6501131.66067000000,0.00000000000,14.75334002810,0.00000000000,,56,127,110,14,17,25,55,12,27,16,46,13,18,15,79,10,39,30,56,10,29,17
Location 111,1,11396,0.35737376787,1,0,0,5433112.83018000000,6501321.04644000000,0.00000000000,14.55613745090,0.00000000000,,0,128,111,0,0,0,0,0,0,0,0,0,0,0,0,0,0,0,0,0,0,0
Location 112,1,6003,0.77670424206,2,0,0,5433064.66812000000,6501332.54028000000,0.00000000000,13.26173656150,0.00000000000,,0,130,112,0,0,0,0,0,0,0,0,0,0,0,0,0,0,0,0,0,0,0
Location 113,1,6326,0.16291936275,1,0,0,5433102.45020000000,6501537.24415000000,0.00000000000,12.76405977530,0.00000000000,,61,132,113,13,21,27,69,20,24,25,83,27,26,30,60,14,28,18,112,27,57,28
Location 114,1,10405,0.76454621546,2,0,0,5433054.09890000000,6501548.81857000000,0.00000000000,13.00774235860,0.00000000000,,0,133,114,0,0,0,0,0,0,0,0,0,0,0,0,0,0,0,0,0,0,0
Location 115,1,10589,0.17114718158,1,0,0,5433050.09584000000,6501657.75306000000,0.00000000000,14.21603355250,0.00000000000,,6,135,115,3,0,3,0,0,0,0,0,0,0,0,0,0,0,0,0,0,0,0
Location 116,1,2712,0.86700634296,2,0,0,5433098.99329000000,6501645.80343000000,0.00000000000,14.36241899850,0.00000000000,,0,136,116,0,0,0,0,0,0,0,0,0,0,0,0,0,0,0,0,0,0,0
Location 117,1,14939,0.32473100888,1,0,0,5433044.06857000000,6501871.89518000000,0.00000000000,14.76966054630,0.00000000000,,47,138,117,18,11,18,27,10,9,8,30,8,12,10,46,7,21,18,53,13,23,17
Location 118,1,5533,0.68886087914,1,0,0,5433072.93065000000,6501940.92925000000,0.00000000000,24.81649699510,0.00000000000,,0,139,118,0,0,0,0,0,0,0,0,0,0,0,0,0,0,0,0,0,0,0
Location 119,1,9052,0.31323473642,1,0,0,5433039.07185000000,6502087.90608000000,0.00000000000,14.15398546800,0.00000000000,,67,140,119,17,12,38,84,22,25,37,67,19,30,18,49,9,18,22,105,14,55,36
Location 120,1,10721,0.62297896348,2,0,0,5433101.77663000000,6502285.44484000000,0.00000000000,24.62729048730,0.00000000000,,113,141,120,35,33,45,35,9,11,15,54,14,21,19,77,10,38,29,72,20,37,15
Location 121,1,2317,0.44119544597,1,0,0,5433103.08178000000,6502501.79937000000,0.00000000000,26.82187360710,0.00000000000,,0,142,121,0,0,0,0,0,0,0,0,0,0,0,0,0,0,0,0,0,0,0
Location 122,1,5729,0.48292122790,1,0,0,5433040.03802000000,6502515.30411000000,0.00000000000,16.28900930900,0.00000000000,,98,143,122,28,22,48,49,11,16,22,52,12,21,19,63,9,30,24,95,19,44,32
Location 123,1,6520,0.82958933254,2,0,0,5433041.04900000000,6502624.50946000000,0.00000000000,13.57208887770,0.00000000000,,0,144,123,0,0,0,0,0,0,0,0,0,0,0,0,0,0,0,0,0,0,0
Location 124,1,11357,0.76138789845,2,0,0,5433105.09187000000,6502668.69688000000,0.00000000000,21.87752985100,0.00000000000,,133,146,124,25,35,73,93,20,28,45,124,24,53,47,109,28,44,37,103,16,52,35
Location 125,1,2652,0.76687359229,2,0,0,5433125.32503000000,6502774.60756000000,0.00000000000,25.18898374590,0.00000000000,,6,147,125,2,1,3,1,0,1,0,0,0,0,0,0,0,0,0,0,0,0,0
Location 127,1,11552,0.81727854892,1,0,0,5433071.50020000000,6502046.94853000000,0.00000000000,25.00817990090,0.00000000000,,7,148,127,4,0,3,0,0,0,0,0,0,0,0,0,0,0,0,0,0,0,0
Location 128,1,11658,0.75174695723,1,0,0,5433105.75364000000,6500917.58785000000,0.00000000000,16.17400851720,0.00000000000,,39,149,128,10,10,19,16,3,8,5,32,8,19,5,24,6,13,5,24,3,15,6
Location 129,1,2890,0.82610041223,1,0,0,5433153.73021000000,6500882.09144000000,0.00000000000,24.37035915130,0.00000000000,,33,150,129,7,7,19,35,6,12,17,35,6,15,14,32,5,18,9,39,7,17,15
Location 130,1,9545,0.80313176815,1,0,0,5432665.20270000000,6498845.93236000000,0.00000000000,22.16922336640,0.00000000000,,140,151,130,48,27,65,72,21,20,31,191,45,80,66,150,34,65,51,32,8,18,6
Location 131,1,1657,0.89043417538,1,0,0,5432703.96865000000,6499530.23595000000,0.00000000000,12.10488742970,0.00000000000,,0,152,131,0,0,0,0,0,0,0,0,0,0,0,0,0,0,0,0,0,0,0
Location 132,1,10427,0.11295798180,1,0,0,5432627.15639000000,6499286.09569000000,0.00000000000,10.99632386140,0.00000000000,,353,154,132,87,100,166,282,44,120,118,292,78,118,96,278,65,121,92,460,77,260,123
Location 133,1,5816,0.74861176666,1,0,0,5432989.50642000000,6500642.43498000000,0.00000000000,12.34129301030,0.00000000000,,62,155,133,15,24,23,39,12,11,16,48,12,22,14,66,14,32,20,57,10,36,11
Location 134,1,14728,0.63300601350,1,0,0,5433114.90304000000,6500629.59238000000,0.00000000000,27.09715603230,0.00000000000,,236,156,134,69,74,93,48,6,17,25,73,20,31,22,82,16,35,31,255,38,156,61
Location 135,1,1030,0.24691975604,1,0,0,5433001.48473000000,6500108.25059000000,0.00000000000,26.06825147100,0.00000000000,,4,157,135,1,0,3,0,0,0,0,9,5,2,2,0,0,0,0,0,0,0,0
Location 136,1,12121,0.73698767589,1,0,0,5433064.76728000000,6500483.00885000000,0.00000000000,25.41960927350,0.00000000000,,75,158,136,15,37,23,60,12,33,15,104,23,53,28,124,21,63,40,89,17,50,22
Location 137,1,6414,0.23181160970,1,0,0,5433060.60391000000,6500354.20954000000,0.00000000000,26.54242146900,0.00000000000,,136,159,137,32,39,65,234,50,112,72,0,0,0,0,7,0,3,4,16,3,8,5
Location 138,1,13192,0.11058262997,1,0,0,5432911.20038000000,6500407.41625000000,0.00000000000,16.40308166250,0.00000000000,,43,160,138,15,7,21,6,2,2,2,162,37,76,49,197,35,107,55,113,16,52,45
Location 139,1,8537,0.22685898085,1,0,0,5432853.23033000000,6500117.56236000000,0.00000000000,19.71434600410,0.00000000000,,71,161,139,15,35,21,22,3,10,9,145,29,74,42,119,18,61,40,56,16,25,15
Location 140,1,15869,0.12747903676,1,0,0,5432812.88733000000,6500032.14702000000,0.00000000000,15.46179895510,0.00000000000,,62,162,140,20,23,19,90,18,49,23,58,18,27,13,81,12,51,18,53,6,39,8
Location 141,1,5311,0.78805061999,1,0,0,5432939.91192000000,6499970.19015000000,0.00000000000,25.59503886410,0.00000000000,,172,163,141,51,64,57,154,32,61,61,3,1,0,2,0,0,0,0,129,24,68,37
Location 142,1,12735,0.77929546378,1,0,0,5432907.53969000000,6499839.16691000000,0.00000000000,23.41707036220,0.00000000000,,0,164,142,0,0,0,0,0,0,0,0,0,0,0,0,0,0,0,0,0,0,0
Location 143,1,5315,0.11167275390,1,0,0,5432750.27319000000,6499771.06150000000,0.00000000000,9.85805133010,0.00000000000,,249,166,143,75,78,96,206,32,89,85,166,41,88,37,160,32,89,39,149,33,48,68
Location 144,1,876,0.81939740737,1,0,0,5432849.04411000000,6499595.11143000000,0.00000000000,20.24770978570,0.00000000000,,123,167,144,42,32,49,102,19,40,43,114,30,58,26,114,27,54,33,189,42,89,58
Location 145,1,1306,0.78120677016,2,0,0,5432846.95595000000,6499486.11543000000,0.00000000000,22.28131532350,0.00000000000,,176,168,145,52,54,70,167,37,62,68,69,19,24,26,113,26,65,22,144,23,84,37
Location 146,1,12800,0.77052382810,2,0,0,5432788.23241000000,6499242.53424000000,0.00000000000,23.66158140150,0.00000000000,,61,169,146,16,19,26,48,10,19,19,45,10,17,18,20,4,7,9,8,3,3,2
Location 147,1,1700,0.80273731799,1,0,0,5432696.83155000000,6498973.63270000000,0.00000000000,24.29380855920,0.00000000000,,274,170,147,79,65,130,242,64,78,100,217,51,98,68,238,55,110,73,344,61,149,134
Location 148,1,2424,0.12176294255,1,0,0,5432584.85463000000,6498078.29325000000,0.00000000000,12.57067497100,0.00000000000,,139,171,148,45,44,50,128,32,64,32,165,32,98,35,82,22,33,27,24,6,15,3
Location 149,1,12359,0.87166930581,2,0,0,5432613.88255000000,6498199.81737000000,0.00000000000,12.84200177490,0.00000000000,,93,172,149,32,28,33,91,22,36,33,141,29,75,37,137,20,75,42,70,14,47,9
Location 150,1,11613,0.80035066178,2,0,0,5432626.01708000000,6498593.97533000000,0.00000000000,23.87194495480,0.00000000000,,152,173,150,36,38,78,133,29,38,66,142,37,63,42,149,41,57,51,75,19,35,21
Location 151,1,14750,0.86670267835,2,0,0,5432433.02687000000,6498500.11640000000,0.00000000000,12.10769593910,0.00000000000,,382,174,151,110,115,157,336,74,124,138,369,102,152,115,275,54,126,95,112,17,68,27
Location 126,1,9552,0.19764070695,1,0,0,5433228.96683000000,6503327.57914000000,0.00000000000,25.74459978000,0.00000000000,,0,0,0,0,0,0,0,0,0,0,0,0,0,0,0,0,0,0,0,0,0,0
Location 152,1,9844,0.11965832757,1,0,0,5432401.63496000000,6498371.70345000000,0.00000000000,11.63236026620,0.00000000000,,125,175,152,30,40,55,60,19,17,24,101,27,44,30,101,27,42,32,159,15,110,34
Location 153,1,11464,0.80606454410,1,0,0,5433105.95569000000,6501088.00297000000,0.00000000000,12.79572258840,0.00000000000,,0,176,153,0,0,0,0,0,0,0,0,0,0,0,0,0,0,0,0,0,0,0
Location 155,1,11795,0.77320495912,1,0,0,5431902.45962000000,6504191.47263000000,0.00000000000,12.60526083620,0.00000000000,,0,179,155,0,0,0,0,0,0,0,0,0,0,0,0,0,0,0,0,0,0,0
Location 156,1,3712,0.90633417290,1,0,0,5432516.83320000000,6498781.42545000000,0.00000000000,13.20238001290,0.00000000000,,105,180,156,31,40,34,73,14,26,33,70,14,32,24,86,9,50,27,112,15,47,50
Location 157,1,15652,0.86577341694,1,0,0,5432543.44751000000,6497850.87456000000,0.00000000000,13.78453302380,0.00000000000,,233,181,157,60,105,68,141,23,62,56,197,46,107,44,266,45,156,65,274,53,159,62
